{
    "OtrisymNMF": {
        "NMI": [
            0.8562000523248425,
            0.8114180862837533,
            0.7590574673346803,
            0.850773141409784,
            0.8664072724936135,
            0.8035020682180503,
            0.7906701163695994,
            0.8039580618838945,
            0.8518425992363634,
            0.8347372501875873
        ],
        "AMI": [
            0.8516890531857798,
            0.8070873590545985,
            0.7525231539810955,
            0.8456731767760581,
            0.859019838405878,
            0.7937351058562294,
            0.7803384486834459,
            0.7953564427719914,
            0.8451424256142677,
            0.8287202101088823
        ],
        "Time": [
            26.777099609375,
            29.880335092544556,
            22.077467441558838,
            21.421555042266846,
            36.18584442138672,
            25.81200933456421,
            22.567278146743774,
            33.723750829696655,
            26.50298762321472,
            30.729838609695435
        ],
        "Trials": [
            10,
            10,
            10,
            10,
            10,
            10,
            10,
            10,
            10,
            10
        ],
        "Nbr_iterations": [
            13,
            39,
            14,
            19,
            17,
            16,
            30,
            31,
            20,
            33
        ],
        "Time_iterations": [
            0.1464,
            0.1329,
            0.1257,
            0.1206,
            0.1217,
            0.1258,
            0.1187,
            0.1225,
            0.1229,
            0.1301,
            0.1248,
            0.1235,
            0.1198,
            0.1402,
            0.1497,
            0.1114,
            0.1215,
            0.1285,
            0.1138,
            0.1066,
            0.1049,
            0.1088,
            0.1052,
            0.1194,
            0.1292,
            0.1302,
            0.1207,
            0.12,
            0.1109,
            0.1089,
            0.1019,
            0.1028,
            0.1054,
            0.1031,
            0.1046,
            0.1019,
            0.105,
            0.101,
            0.1004,
            0.1039,
            0.0993,
            0.1026,
            0.1038,
            0.0995,
            0.1002,
            0.0979,
            0.105,
            0.1004,
            0.1069,
            0.105,
            0.1027,
            0.1041,
            0.1301,
            0.125,
            0.1152,
            0.1164,
            0.1163,
            0.1133,
            0.1156,
            0.1192,
            0.1189,
            0.1154,
            0.114,
            0.1135,
            0.1142,
            0.1187,
            0.1328,
            0.1203,
            0.1169,
            0.1279,
            0.1232,
            0.1256,
            0.1209,
            0.1204,
            0.1179,
            0.1252,
            0.1247,
            0.123,
            0.1249,
            0.1236,
            0.12,
            0.1184,
            0.121,
            0.1192,
            0.1219,
            0.1638,
            0.1532,
            0.1412,
            0.1467,
            0.1451,
            0.1488,
            0.1447,
            0.1442,
            0.1435,
            0.1454,
            0.1429,
            0.1426,
            0.1485,
            0.1477,
            0.1434,
            0.1424,
            0.1505,
            0.1533,
            0.1445,
            0.1378,
            0.1337,
            0.1369,
            0.1383,
            0.1344,
            0.1358,
            0.1332,
            0.1303,
            0.1318,
            0.1364,
            0.1379,
            0.131,
            0.1324,
            0.1295,
            0.1462,
            0.1401,
            0.1254,
            0.1313,
            0.1283,
            0.1352,
            0.1295,
            0.1297,
            0.1345,
            0.135,
            0.1292,
            0.1313,
            0.1337,
            0.1314,
            0.1341,
            0.1346,
            0.15,
            0.1474,
            0.1311,
            0.1252,
            0.1291,
            0.1292,
            0.1347,
            0.1294,
            0.1344,
            0.127,
            0.1284,
            0.1344,
            0.13,
            0.1347,
            0.1547,
            0.1445,
            0.1064,
            0.1103,
            0.1165,
            0.1149,
            0.1153,
            0.1208,
            0.1229,
            0.1206,
            0.1217,
            0.1256,
            0.1235,
            0.1229,
            0.1127,
            0.1184,
            0.1228,
            0.12,
            0.1212,
            0.1188,
            0.1201,
            0.1197,
            0.1157,
            0.116,
            0.1189,
            0.1257,
            0.1231,
            0.1197,
            0.1257,
            0.1226,
            0.1266,
            0.1868,
            0.1872,
            0.1487,
            0.1322,
            0.1376,
            0.1403,
            0.1363,
            0.1374,
            0.1405,
            0.1376,
            0.1379,
            0.1344,
            0.1371,
            0.1312,
            0.1376,
            0.1389,
            0.1335,
            0.1327,
            0.1368,
            0.1323,
            0.1377,
            0.1333,
            0.1161,
            0.1216,
            0.1226,
            0.1262,
            0.1252,
            0.118,
            0.1249,
            0.1213,
            0.1176,
            0.12,
            0.1243,
            0.1218,
            0.126,
            0.1196,
            0.1238,
            0.1245,
            0.1204,
            0.1251,
            0.1242,
            0.1256,
            0.124,
            0.1251,
            0.125,
            0.121,
            0.119,
            0.1241,
            0.1348,
            0.1267,
            0.1224,
            0.1258,
            0.1244
        ]
    },
    "OtrisymNMF_SVCA": {
        "NMI": [
            1.0,
            1.0,
            1.0,
            1.0,
            1.0000000000000002,
            1.0000000000000002,
            1.0,
            1.0,
            1.0,
            0.9999999999999998
        ],
        "AMI": [
            1.0,
            1.0,
            1.0,
            1.0,
            1.0000000000000002,
            1.0000000000000002,
            1.0,
            1.0,
            1.0,
            0.9999999999999998
        ],
        "Time": [
            10.681134939193726,
            6.995411396026611,
            6.302787780761719,
            6.661706447601318,
            5.721582412719727,
            6.3929455280303955,
            14.208663940429688,
            10.953109502792358,
            13.121302366256714,
            10.140795469284058
        ],
        "Trials": [
            10,
            10,
            10,
            10,
            10,
            10,
            10,
            10,
            10,
            10
        ],
        "Nbr_iterations": [
            3,
            4,
            4,
            4,
            3,
            3,
            3,
            3,
            16,
            4
        ],