{
    "OtrisymNMF": {
        "NMI": [
            0.8090102569609989,
            0.8626776434548413,
            0.7465387365895687,
            0.8596603192167432,
            0.7940407118604009,
            0.8094892309338484,
            0.8677925876112541,
            0.8607949695664677,
            0.8628481302779629,
            0.8431346881019887
        ],
        "AMI": [
            0.7998131355627719,
            0.8582195245950265,
            0.7326971552054848,
            0.852932822426363,
            0.7847346733747306,
            0.801264828617271,
            0.8613155859306826,
            0.8532204032549258,
            0.8585017664596156,
            0.8382042650635241
        ],
        "Time": [
            29.92506241798401,
            21.04209566116333,
            25.379709482192993,
            23.814624309539795,
            24.957576274871826,
            26.078771829605103,
            30.6659414768219,
            30.050530433654785,
            22.655141592025757,
            23.093402862548828
        ],
        "Trials": [
            10,
            10,
            10,
            10,
            10,
            10,
            10,
            10,
            10,
            10
        ],
        "Nbr_iterations": [
            14,
            11,
            12,
            10,
            14,
            15,
            12,
            12,
            14,
            14
        ],
        "Time_iterations": [
            0.2629,
            0.2449,
            0.2252,
            0.1742,
            0.1717,
            0.1662,
            0.1649,
            0.1615,
            0.1762,
            0.1792,
            0.2172,
            0.2206,
            0.2339,
            0.2334,
            0.1383,
            0.1791,
            0.1941,
            0.177,
            0.2008,
            0.1718,
            0.1418,
            0.1452,
            0.1395,
            0.1433,
            0.1566,
            0.1744,
            0.2162,
            0.1697,
            0.1985,
            0.2451,
            0.2081,
            0.2428,
            0.2213,
            0.2292,
            0.1957,
            0.1747,
            0.1697,
            0.2416,
            0.2342,
            0.1923,
            0.1799,
            0.1759,
            0.1743,
            0.1736,
            0.191,
            0.2513,
            0.2131,
            0.1728,
            0.17,
            0.167,
            0.1729,
            0.183,
            0.1797,
            0.1726,
            0.1945,
            0.181,
            0.1934,
            0.1938,
            0.2301,
            0.201,
            0.1692,
            0.1579,
            0.1561,
            0.1524,
            0.1646,
            0.1708,
            0.1918,
            0.2201,
            0.228,
            0.2182,
            0.2327,
            0.211,
            0.204,
            0.1572,
            0.1503,
            0.1517,
            0.1803,
            0.171,
            0.1918,
            0.2114,
            0.2258,
            0.2718,
            0.3115,
            0.2954,
            0.232,
            0.2018,
            0.1849,
            0.1861,
            0.1774,
            0.2237,
            0.2438,
            0.3132,
            0.2461,
            0.2861,
            0.2629,
            0.2608,
            0.2302,
            0.19,
            0.1989,
            0.1942,
            0.1561,
            0.1559,
            0.1532,
            0.1543,
            0.1577,
            0.1726,
            0.2064,
            0.2137,
            0.2083,
            0.2051,
            0.2067,
            0.2141,
            0.2013,
            0.1601,
            0.1474,
            0.146,
            0.208,
            0.2273,
            0.2447,
            0.2197,
            0.2201,
            0.2793,
            0.1627,
            0.1489,
            0.1484,
            0.1475,
            0.1465,
            0.1453
        ]
    },
    "OtrisymNMF_SVCA": {
        "NMI": [
            1.0,
            1.0,
            1.0,
            1.0,
            1.0,
            1.0,
            1.0000000000000002,
            1.0,
            1.0,
            0.9999999999999998
        ],
        "AMI": [
            1.0,
            1.0,
            1.0,
            1.0,
            1.0,
            1.0,
            1.0000000000000002,
            1.0,
            1.0,
            0.9999999999999998
        ],
        "Time": [
            11.300473928451538,
            11.240733623504639,
            13.879624366760254,
            11.799045085906982,
            13.652266502380371,
            14.369095087051392,
            14.214903116226196,
            13.982803344726562,
            8.88825535774231,
            10.251013040542603
        ],
        "Trials": [
            10,
            10,
            10,
            10,
            10,
            10,
            10,
            10,
            10,
            10
        ],
        "Nbr_iterations": [
            3,
            5,
            4,
            5,
            3,
            9,
            7,
            7,
            3,
            7
        ],
        "Time_iterations": [
            0.1711,
            0.2062,
            0.2377,
            0.1469,
            0.1448,
            0.1495,
            0.1518,
            0.1812,
            0.1949,
            0.1899,
            0.1981,
            0.2559,
            0.1888,
            0.2049,
            0.2174,
            0.2157,
            0.2005,
            0.2922,
            0.2859,
            0.2681,
            0.1943,
            0.1828,
            0.2025,
            0.2003,
            0.1989,
            0.2344,
            0.2548,
            0.2917,
            0.3433,
            0.1946,
            0.2131,
            0.2379,
            0.2573,
            0.2575,
            0.2507,
            0.2555,
            0.2801,
            0.2578,
            0.2441,
            0.2232,
            0.1915,
            0.1954,
            0.1882,
            0.1592,
            0.174,
            0.1614,
            0.1456,
            0.1507,
            0.1459,
            0.1514,
            0.1606,
            0.1684,
            0.2147
        ]
    },
    "KN": {
        "NMI": [
            0.916936990404095,
            0.9369451530441433,
            0.9412024113928336,
            0.9124543803422092,
            0.9112993620572976,
            0.9507811895513454,
            0.8987946727670707,
            0.9346014633544096,
            0.9406657438829022,
            0.9447569360708519
        ],
        "AMI": [
            0.9128582428588743,
            0.934942294160378,
            0.938025365130749,
            0.908270832256076,
            0.9070831174677085,
            0.9487163170117392,
            0.8938610423584527,
            0.9311079811979912,
            0.9387969509070014,
            0.9430205833372844
        ],
        "Time": [
            140.1060435771942,
            122.49472999572754,
            140.7228593826294,
            113.49682021141052,
            145.1802430152893,
            143.845796585083,
            141.46771144866943,
            160.3730616569519,
            130.05487895011902,
            93.75384640693665
        ],
        "Trials": [
            10,
            10,
            10,
            10,
            10,
            10,
            10,
            10,
            10,
            10
        ],
        "Nbr_iterations": [
            10,
            11,
            10,
            8,
            8,
            7,
            9,
            10,
            10,
            15
        ],