{
    "OtrisymNMF": {
        "NMI": [
            0.6424999869044857,
            0.6749918460333507,
            0.6560456271130584,
            0.7058044002985929,
            0.5879249063777292,
            0.5602533663719086,
            0.7206815698197342,
            0.6710335351994504,
            0.6878424605435297,
            0.728639866980839
        ],
        "AMI": [
            0.6312882112514352,
            0.6593278614501281,
            0.6348819316269757,
            0.6903570265966994,
            0.5729865492942616,
            0.5419705689386073,
            0.7102189616808359,
            0.6595884520137093,
            0.674500207778489,
            0.7192358206596816
        ],
        "Time": [
            23.535587310791016,
            25.036168813705444,
            23.932135581970215,
            24.380642890930176,
            23.959084272384644,
            22.826178073883057,
            21.502238750457764,
            24.070208311080933,
            25.728055477142334,
            21.93057870864868
        ],
        "Trials": [
            10,
            10,
            10,
            10,
            10,
            10,
            10,
            10,
            10,
            10
        ],
        "Nbr_iterations": [
            21,
            19,
            20,
            9,
            19,
            19,
            20,
            23,
            16,
            22
        ],
        "Time_iterations": [
            0.1284,
            0.1178,
            0.1277,
            0.1384,
            0.1238,
            0.122,
            0.12,
            0.1185,
            0.1227,
            0.1177,
            0.1265,
            0.1287,
            0.1287,
            0.137,
            0.1249,
            0.126,
            0.1266,
            0.1258,
            0.127,
            0.1256,
            0.1229,
            0.1524,
            0.1502,
            0.1368,
            0.1467,
            0.1406,
            0.1414,
            0.1388,
            0.143,
            0.1416,
            0.145,
            0.1456,
            0.1405,
            0.1447,
            0.1494,
            0.1503,
            0.1472,
            0.142,
            0.1442,
            0.147,
            0.1651,
            0.1501,
            0.1447,
            0.1357,
            0.1468,
            0.1457,
            0.1442,
            0.1402,
            0.1388,
            0.1399,
            0.1494,
            0.1471,
            0.1435,
            0.1419,
            0.147,
            0.1443,
            0.1452,
            0.147,
            0.1459,
            0.1387,
            0.1586,
            0.1512,
            0.1405,
            0.1522,
            0.1426,
            0.1428,
            0.1419,
            0.1447,
            0.1428,
            0.1519,
            0.1426,
            0.126,
            0.1311,
            0.1341,
            0.1412,
            0.1442,
            0.1331,
            0.1304,
            0.133,
            0.1287,
            0.1306,
            0.1327,
            0.132,
            0.1318,
            0.1318,
            0.1322,
            0.1333,
            0.1346,
            0.1385,
            0.132,
            0.1316,
            0.1321,
            0.1287,
            0.1395,
            0.1718,
            0.1505,
            0.1314,
            0.1315,
            0.1349,
            0.1339,
            0.1315,
            0.1344,
            0.1282,
            0.1346,
            0.1273,
            0.1313,
            0.1345,
            0.1427,
            0.136,
            0.1124,
            0.1197,
            0.1212,
            0.1178,
            0.1218,
            0.1244,
            0.1214,
            0.1228,
            0.1189,
            0.1218,
            0.1157,
            0.1214,
            0.1204,
            0.1193,
            0.12,
            0.1186,
            0.1234,
            0.1237,
            0.1283,
            0.1344,
            0.1318,
            0.1314,
            0.1303,
            0.1277,
            0.1298,
            0.128,
            0.1269,
            0.1276,
            0.1286,
            0.1244,
            0.128,
            0.1299,
            0.1315,
            0.1357,
            0.1313,
            0.131,
            0.1309,
            0.1273,
            0.1258,
            0.1297,
            0.1314,
            0.1528,
            0.1522,
            0.1402,
            0.1276,
            0.1259,
            0.1322,
            0.1324,
            0.126,
            0.1267,
            0.1321,
            0.135,
            0.1278,
            0.1271,
            0.1281,
            0.1321,
            0.1302,
            0.1308,
            0.1297,
            0.1049,
            0.0977,
            0.0988,
            0.0985,
            0.099,
            0.1017,
            0.097,
            0.0997,
            0.1007,
            0.1009,
            0.1007,
            0.1008,
            0.0947,
            0.0957,
            0.0992,
            0.0998,
            0.0978,
            0.0998,
            0.1028,
            0.0981
        ]
    },
    "OtrisymNMF_SVCA": {
        "NMI": [
            1.0,
            1.0,
            1.0,
            1.0,
            1.0,
            1.0000000000000002,
            1.0000000000000002,
            1.0,
            1.0,
            1.0
        ],
        "AMI": [
            1.0,
            1.0,
            1.0,
            1.0,
            1.0,
            1.0000000000000002,
            1.0000000000000002,
            1.0,
            1.0,
            1.0
        ],
        "Time": [
            5.849632978439331,
            5.581939458847046,
            5.707241058349609,
            10.139072895050049,
            7.227436304092407,
            7.487383127212524,
            7.79277229309082,
            6.467031955718994,
            7.787440299987793,
            6.437083721160889
        ],
        "Trials": [
            10,
            10,
            10,
            10,
            10,
            10,
            10,
            10,
            10,
            10
        ],
        "Nbr_iterations": [
            3,
            3,
            3,
            3,
            3,
            11,
            3,
            4,
            4,
            4
        ],
        "Time_iterations": [
            0.1332,
            0.138,
            0.1376,
            0.1577,
            0.1604,
            0.1545,
            0.1604,
            0.1562,
            0.1551,
            0.1555,
            0.1541,
            0.1581,
            0.1442,
            0.1489,
            0.146,
            0.1423,
            0.1434,
            0.1365,
            0.1376,
            0.1396,
            0.1367,
            0.1407,
            0.1373,
            0.1365,
            0.1421,
            0.1403,
            0.1371,
            0.1364,
            0.1379,
            0.1314,
            0.1322,
            0.1333,
            0.1277,
            0.1479,
            0.1425,
            0.145,
            0.1409,
            0.1364,
            0.1339,
            0.1272,
            0.1359
        ]
    },
    "KN": {
        "NMI": [
            0.8828747511891667,
            0.8818945757313014,
            0.9127089345800763,
            0.8903448880120579,
            0.9306702538495154,
            0.9237734471315382,
            0.8871334669295973,
            0.9260500661307376,
            0.9123200737446439,
            0.881865494565155
        ],
        "AMI": [
            0.8785576838614555,
            0.8754044786648102,
            0.907290781568991,
            0.8842966873100682,
            0.9273677255526602,
            0.9205795296281732,
            0.8822805518106913,
            0.9233470826541773,
            0.9080663690573176,
            0.8775433492110047
        ],