{
    "OtrisymNMF": {
        "NMI": [
            0.7055197704049543,
            0.6559640967759233,
            0.7408951717070665,
            0.7883136281382801,
            0.6522519618511173,
            0.8525978588887924,
            0.7354388989205173,
            0.734914105092255,
            0.8615394520687943,
            0.7479602560889899
        ],
        "AMI": [
            0.6898759073822307,
            0.6411517892021285,
            0.7299887098327089,
            0.7820465294924511,
            0.6271584479952542,
            0.8471136955018809,
            0.7248212844425586,
            0.7280824811914554,
            0.8560259578790931,
            0.7410283750892517
        ],
        "Time": [
            23.339313745498657,
            22.43764638900757,
            22.06580090522766,
            17.75954794883728,
            28.63786768913269,
            21.225794553756714,
            18.09045433998108,
            33.33302116394043,
            21.706825017929077,
            23.41307258605957
        ],
        "Trials": [
            10,
            10,
            10,
            10,
            10,
            10,
            10,
            10,
            10,
            10
        ],
        "Nbr_iterations": [
            13,
            14,
            14,
            17,
            15,
            16,
            12,
            17,
            16,
            19
        ],
        "Time_iterations": [
            0.1588,
            0.1452,
            0.1649,
            0.141,
            0.1447,
            0.1418,
            0.1423,
            0.1393,
            0.1422,
            0.1426,
            0.1455,
            0.146,
            0.1446,
            0.1461,
            0.1602,
            0.1189,
            0.1205,
            0.1247,
            0.1226,
            0.1159,
            0.1196,
            0.1257,
            0.125,
            0.1259,
            0.1227,
            0.1196,
            0.1244,
            0.1397,
            0.1346,
            0.1355,
            0.1404,
            0.1388,
            0.1393,
            0.1365,
            0.1356,
            0.1364,
            0.1436,
            0.1443,
            0.1398,
            0.1357,
            0.142,
            0.1276,
            0.1253,
            0.128,
            0.1279,
            0.1227,
            0.1206,
            0.1364,
            0.1382,
            0.1523,
            0.1272,
            0.1325,
            0.1709,
            0.1638,
            0.1542,
            0.1585,
            0.1847,
            0.1438,
            0.1783,
            0.1739,
            0.1694,
            0.1538,
            0.1634,
            0.1615,
            0.1587,
            0.1645,
            0.1591,
            0.158,
            0.1586,
            0.1616,
            0.1601,
            0.1638,
            0.1588,
            0.1407,
            0.1341,
            0.1213,
            0.1309,
            0.13,
            0.1287,
            0.1343,
            0.1365,
            0.1356,
            0.1378,
            0.1659,
            0.1709,
            0.1389,
            0.1349,
            0.1334,
            0.1345,
            0.1384,
            0.1284,
            0.1126,
            0.1222,
            0.1222,
            0.1187,
            0.1183,
            0.1237,
            0.1227,
            0.1255,
            0.1244,
            0.126,
            0.1462,
            0.1446,
            0.1119,
            0.1176,
            0.1156,
            0.1325,
            0.1289,
            0.1222,
            0.1167,
            0.1125,
            0.1166,
            0.1151,
            0.1158,
            0.1111,
            0.1144,
            0.1118,
            0.1103,
            0.2238,
            0.1433,
            0.1356,
            0.1258,
            0.1387,
            0.1427,
            0.1403,
            0.123,
            0.138,
            0.1325,
            0.1344,
            0.1271,
            0.1274,
            0.1314,
            0.1231,
            0.1276,
            0.1459,
            0.1307,
            0.1136,
            0.0985,
            0.1272,
            0.1154,
            0.1212,
            0.1277,
            0.1257,
            0.1229,
            0.1283,
            0.1162,
            0.1184,
            0.1244,
            0.1021,
            0.1243,
            0.1828,
            0.1465,
            0.1261
        ]
    },
    "OtrisymNMF_SVCA": {
        "NMI": [
            1.0,
            1.0,
            1.0,
            1.0,
            1.0,
            1.0,
            1.0000000000000002,
            1.0,
            1.0000000000000002,
            1.0000000000000002
        ],
        "AMI": [
            1.0,
            1.0,
            1.0,
            1.0,
            1.0,
            1.0,
            1.0000000000000002,
            1.0,
            1.0000000000000002,
            1.0000000000000002
        ],
        "Time": [
            9.973928213119507,
            8.020874261856079,
            8.940878868103027,
            4.812543869018555,
            6.961149215698242,
            5.7507853507995605,
            6.182062864303589,
            6.592801332473755,
            6.207623720169067,
            8.55358624458313
        ],
        "Trials": [
            10,
            10,
            10,
            10,
            10,
            10,
            10,
            10,
            10,
            10
        ],
        "Nbr_iterations": [
            4,
            4,
            3,
            3,
            3,
            3,
            3,
            5,
            3,
            4
        ],
        "Time_iterations": [
            0.1577,
            0.1553,
            0.1562,
            0.1569,
            0.1497,
            0.1438,
            0.1471,
            0.1498,
            0.1418,
            0.1358,
            0.1449,
            0.1436,
            0.1518,
            0.1284,
            0.1741,
            0.1829,
            0.1782,
            0.1399,
            0.1369,
            0.1402,
            0.1411,
            0.1345,
            0.1511,
            0.1432,
            0.1421,
            0.1425,
            0.1267,
            0.1863,
            0.1484,
            0.1452,
            0.1637,
            0.2075,
            0.208,
            0.1576,
            0.1561
        ]
    },
    "KN": {
        "NMI": [
            0.9269624087048566,
            0.8990648231859826,
            0.9109975787563701,
            0.8836012821312762,
            0.9120044749953912,
            0.8980657895364268,
            0.904705532045177,
            0.9142727738974399,
            0.916268838341716,
            0.8904580631174818
        ],
        "AMI": [
            0.9229877418694112,
            0.8943243147216544,
            0.9073067372194991,
            0.8798351545278863,
            0.9053350117339987,
            0.8937893768177919,
            0.900636639828359,
            0.9107131089003081,
            0.9126832895516204,
            0.8863995275247416
        ],
        "Time": [
            90.09376835823059,
            70.8888931274414,
            73.70252752304077,
            68.17250204086304,
            97.61588382720947,
            65.02394556999207,
            70.66165542602539,
            95.45721673965454,
            70.70519471168518,
            79.77963018417358
        ],
        "Trials": [
            10,
            10,
            10,
            10,
            10,
            10,
            10,
            10,
            10,
            10
        ],
        "Nbr_iterations": [
            11,
            7,
            7,
            7,
            7,
            7,
            11,
            9,
            8,
            11
        ],