{
    "FROST": {
        "NMI": [
            0.526024495904222,
            0.5534401683262394,
            0.7537005944214251,
            0.6402999059265674,
            0.5640474651253315,
            0.6379078191146207,
            0.5342688795236764,
            0.6577459685245244,
            0.6528006383053341,
            0.6493852337375817
        ],
        "AMI": [
            0.496379675340524,
            0.5233397714697621,
            0.73002142626726,
            0.6208259989814674,
            0.523490425579178,
            0.610133267406561,
            0.5074761916612158,
            0.638459299100328,
            0.6175086498340953,
            0.6228642856175597
        ],
        "ARMI": [
            0.4191377874262128,
            0.4422621739829017,
            0.672881813833318,
            0.5460347885653258,
            0.445307594351826,
            0.5382533042330425,
            0.4323447641288028,
            0.5678791269545757,
            0.5478162551978024,
            0.5470895574426137
        ],
        "Time": [
            54.74290466308594,
            41.42012691497803,
            41.58944272994995,
            47.725011587142944,
            41.05422019958496,
            44.39792776107788,
            40.837974071502686,
            34.60778045654297,
            41.96963429450989,
            44.10669946670532
        ],
        "CPU Time": [
            54.640625,
            41.296875,
            41.5,
            47.484375,
            40.890625,
            44.3125,
            40.671875,
            34.5,
            41.828125,
            43.96875
        ]
    },
    "KN": {
        "NMI": [
            0.2528452198179121,
            0.2650188597372267,
            0.5517970354348571,
            0.1548720612273976,
            0.4811567899157999,
            0.6467643142560019,
            0.24205425366007638,
            0.21890901139321656,
            0.47020238036234135,
            0.2991812560536132
        ],
        "AMI": [
            0.20277577473978403,
            0.22032786142367616,
            0.5118502381176598,
            0.10819907366497326,
            0.4368677322092944,
            0.6122878869448617,
            0.19884186323905048,
            0.17599902603082088,
            0.4234816300094258,
            0.24319756953340924
        ],
        "ARMI": [
            0.13198215488445914,
            0.14315835616850608,
            0.43791301409168787,
            0.05041031774111976,
            0.36193008865107823,
            0.5627772316326077,
            0.12875565180793536,
            0.10597907891814758,
            0.35249464030953653,
            0.1623111561359489
        ],
        "Time": [
            248.11253762245178,
            255.09065103530884,
            470.0533969402313,
            211.6528034210205,
            452.5685555934906,
            378.99781107902527,
            291.72895789146423,
            265.3776183128357,
            387.1448314189911,
            357.7388696670532
        ],
        "CPU Time": [
            247.140625,
            253.96875,
            468.4375,
            210.984375,
            450.859375,
            377.65625,
            290.5,
            264.40625,
            386.078125,
            356.5
        ]
    },
    "KL_EM": {
        "NMI": [
            0.931328953286791,
            0.9547311318549124,
            0.9675946880213278,
            0.9456947523258374,
            0.9335989549117644,
            0.9305561821763579,
            0.8838922430301425,
            0.9640388449700228,
            0.963414187951341,
            0.945879955105765
        ],
        "AMI": [
            0.913133000929279,
            0.9496472645291136,
            0.9640524303427378,
            0.9389887635975601,
            0.9238987978241553,
            0.9187676747481268,
            0.8717145294584114,
            0.957038056893115,
            0.9544189028884242,
            0.9372917124196036
        ],
        "ARMI": [
            0.9265038044112026,
            0.9409875610573851,
            0.960559838649756,
            0.9328091934844334,
            0.9174942926508706,
            0.9224624517586296,
            0.8612332169946834,
            0.9611189386526171,
            0.9595441216028521,
            0.9378193995188246
        ],
        "Time": [
            500.8123698234558,
            404.11902475357056,
            393.5978002548218,
            395.0167737007141,
            435.1724555492401,
            438.1606254577637,
            509.5829887390137,
            417.8097496032715,
            441.74955677986145,
            512.4650838375092
        ],
        "CPU Time": [
            498.8125,
            402.59375,
            392.375,
            393.890625,
            433.875,
            436.640625,
            507.484375,
            416.234375,
            440.1875,
            510.390625
        ]
    },
    "MHA250k": {
        "NMI": [
            0.3138351362657529,
            0.2910651522468647,
            0.69265841751444,
            0.2698546783229716,
            0.8111943162050066,
            0.5870061431193464,
            0.27865794760654006,
            0.59679940615348,
            0.4814442705242917,
            0.32019708029828925
        ],
        "AMI": [
            0.2661459262922334,
            0.248078829328485,
            0.66613924308977,
            0.22768240834226583,
            0.7966183048218979,
            0.5489071615270722,
            0.2370015018555918,
            0.571848342045901,
            0.4364523790093285,
            0.2660052231484663
        ],
        "ARMI": [
            0.19456674282388792,
            0.1675728268749228,
            0.6064799599621878,
            0.15608742510929965,
            0.7589588416267156,
            0.4904765848857415,
            0.16388483519833075,
            0.5106949503502285,
            0.36712769412729657,
            0.1840476643470846
        ],
        "Time": [
            468.9259045124054,
            456.8471384048462,
            480.1229922771454,
            470.0509443283081,
            472.53517985343933,
            466.8985798358917,
            466.42317628860474,
            453.6767854690552,
            471.54165506362915,
            491.3943336009979
        ],
        "CPU Time": [
            467.3125,
            455.0625,
            478.4375,
            467.953125,
            470.75,
            465.25,
            465.265625,
            451.953125,
            469.765625,
            489.5
        ]
    },
    "FROST_SVCA": {
        "NMI": [
            0.714681260297795,
            0.8717394204795339,
            0.9192982056155002,
            0.7537962452897801,
            0.8410530037387254,
            0.8703737688219506,
            0.7471663806051738,
            0.8403585288684932,
            0.8937635588923142,
            0.8212386950194449
        ],
        "AMI": [
            0.6935028095031481,
            0.8632916721603751,
            0.9052198621189312,
            0.7292030760158807,
            0.8274067298084973,
            0.8577250589699704,
            0.7224042902382817,
            0.8311548928515263,
            0.8786093791910923,
            0.8054276244903115
        ],
        "ARMI": [
            0.6337217267098091,
            0.8118003557307878,
            0.8697339577586591,
            0.6676708360218498,
            0.7752728397627515,
            0.8132238647267512,
            0.6586741679409874,
            0.7774898396804699,
            0.8262156044926008,
            0.7494921751285925
        ],