{
    "FROST": {
        "NMI": [
            0.07330657158302324,
            0.11980106566554445,
            0.08629017453444884,
            0.07530202342509801,
            0.10442093709502397,
            0.07724871512026228,
            0.10025856756332881,
            0.12838403662292394,
            0.09787197250464867,
            0.06222098256281354
        ],
        "AMI": [
            0.016684457557433776,
            0.03964278806824816,
            0.018303932872209883,
            0.018906307367706165,
            0.037769842890142936,
            0.01545210116202982,
            0.03407337720439161,
            0.0354717979306149,
            0.031400668727575326,
            0.012041087848756965
        ],
        "ARMI": [
            -0.013094938595430707,
            -0.004574461911350499,
            -0.006492143414245442,
            -0.0090093923516523,
            0.0004390555986901827,
            -0.011418050947251188,
            0.0002608701706405138,
            0.0003307703313897754,
            -3.1575720862010114e-05,
            -0.01462561096929412
        ],
        "Time": [
            27.55637812614441,
            39.078641414642334,
            41.60279178619385,
            35.0271520614624,
            35.22093152999878,
            30.619160890579224,
            41.39173746109009,
            45.18625736236572,
            37.16880559921265,
            25.962918043136597
        ],
        "CPU Time": [
            27.5,
            39.03125,
            41.546875,
            35.0,
            35.140625,
            30.578125,
            41.1875,
            45.15625,
            37.125,
            25.921875
        ]
    },
    "KN": {
        "NMI": [
            0.06539816867392585,
            0.09720417808358,
            0.07582903043105757,
            0.05760297775989679,
            0.08684006715550457,
            0.07754372881839997,
            0.0869018084324588,
            0.10944839803777227,
            0.08734404717321567,
            0.05865627824907373
        ],
        "AMI": [
            0.008706467200392906,
            0.014519609452113518,
            0.007079729952762773,
            0.0008720555090585131,
            0.018683023609065617,
            0.015546498408002703,
            0.018796854572705288,
            0.012998045208330379,
            0.019367477094891828,
            0.008062439028909206
        ],
        "ARMI": [
            -0.016092902002718148,
            -0.01653960267302705,
            -0.012118599024025284,
            -0.01877016135468096,
            -0.010032900440812795,
            -0.011926233138597801,
            -0.008238676597941377,
            -0.011655667699148735,
            -0.006551869142640764,
            -0.015734898712307765
        ],
        "Time": [
            177.60337615013123,
            184.88420701026917,
            186.51901149749756,
            172.2068874835968,
            190.47123312950134,
            188.41116666793823,
            189.0663766860962,
            241.0000762939453,
            151.3424768447876,
            154.7352225780487
        ],
        "CPU Time": [
            177.296875,
            184.609375,
            186.125,
            171.921875,
            190.265625,
            187.890625,
            188.8125,
            240.6875,
            151.09375,
            154.5625
        ]
    },
    "KL_EM": {
        "NMI": [
            0.05904620126124366,
            0.08351404862886937,
            0.0838853059480259,
            0.06114664169768035,
            0.0771993617292855,
            0.08195162220938439,
            0.08038912409435843,
            0.10934991383518604,
            0.07818824601480162,
            0.05392760002730999
        ],
        "AMI": [
            0.0019809850807240453,
            -0.0001525497072321133,
            0.015659871756468203,
            0.004611979897346767,
            0.008453385213439376,
            0.020132458503630216,
            0.011927857247287794,
            0.012854430816754393,
            0.009572502880672717,
            0.00314655998213589
        ],
        "ARMI": [
            -0.02003809142051926,
            -0.021689178577589945,
            -0.00831808418121727,
            -0.016883779492963467,
            -0.01309252616292267,
            -0.009563366180061069,
            -0.009564018042871379,
            -0.0110192909080368,
            -0.009813747057779477,
            -0.017753323041468212
        ],
        "Time": [
            329.88625025749207,
            323.5536913871765,
            246.29151678085327,
            206.83636903762817,
            249.78784489631653,
            225.12433528900146,
            254.10425853729248,
            378.9105854034424,
            275.8015990257263,
            201.51486659049988
        ],
        "CPU Time": [
            327.234375,
            322.921875,
            245.8125,
            206.4375,
            249.53125,
            224.734375,
            253.65625,
            378.28125,
            275.375,
            201.265625
        ]
    },
    "MHA250k": {
        "NMI": [
            0.06471031730860212,
            0.10716856281798591,
            0.07437739320962941,
            0.061135757900425684,
            0.07496679964585651,
            0.08296300988208942,
            0.06954866640884448,
            0.10498683020133277,
            0.07608711847314488,
            0.05702542658764735
        ],
        "AMI": [
            0.00787554494811907,
            0.02518244019377792,
            0.005575967058252343,
            0.004582976238743474,
            0.006078011452816126,
            0.021226295606981437,
            0.00035341084002175655,
            0.008129633192547888,
            0.007379700068589168,
            0.0064588368965282136
        ],
        "ARMI": [
            -0.017974357531863373,
            -0.012194636320874211,
            -0.01228468849603881,
            -0.016874533377603133,
            -0.013816202953988383,
            -0.009401062670589141,
            -0.01346861618388961,
            -0.012514049241597477,
            -0.010495071182210719,
            -0.01699977700078321
        ],
        "Time": [
            302.5279564857483,
            310.3395667076111,
            302.60694909095764,
            296.3971858024597,
            317.97145104408264,
            306.3151879310608,
            307.17512679100037,
            317.043826341629,
            304.3411238193512,
            295.37014532089233
        ],
        "CPU Time": [
            302.015625,
            309.609375,
            302.0625,
            295.875,
            317.0625,
            305.71875,
            306.59375,
            316.6875,
            303.625,
            294.90625
        ]
    },
    "FROST_SVCA": {
        "NMI": [
            0.10141478870544592,
            0.13537196540827395,
            0.09515853520424424,
            0.07931066137852759,
            0.09680522447678724,
            0.09848647990079673,
            0.09749158408240682,
            0.13383614585231857,
            0.1069422354713822,
            0.06052687554072254
        ],
        "AMI": [
            0.04611382970339432,
            0.05690552996093981,
            0.027697207865869024,
            0.023839282824051927,
            0.029826254293577614,
            0.03748608042740263,
            0.03098256184944712,
            0.04169667293647985,
            0.0410454889594588,
            0.009879583147481606
        ],
        "ARMI": [
            0.0034773998973206322,
            0.007053365901836386,
            -0.00138344979919504,
            -0.006470380887120401,
            -0.00354295793146909,
            0.0015359524897100689,
            -0.0007774888044093227,
            0.0014183164290621994,
            0.0036536719073682533,
            -0.015078129976368012
        ],