{
    "FROST": {
        "NMI": [
            0.8063523609781376,
            0.8637904335190801,
            0.8461396236058055,
            0.7890360151990585,
            0.8465156100252725,
            0.8601465749907447,
            0.8178883786503175,
            0.7339960862766187,
            0.8344410389179011,
            0.8769278070841486
        ],
        "AMI": [
            0.7762455677442144,
            0.8491326775897047,
            0.8288635923042622,
            0.7664791285597081,
            0.8061111039929242,
            0.8372821460987322,
            0.8004132384911158,
            0.7007852216471251,
            0.8187251552075899,
            0.8575165567451638
        ],
        "ARMI": [
            0.7252010417640254,
            0.8241946645549398,
            0.7978573776358471,
            0.7238298100622638,
            0.7916595063720735,
            0.819362156985607,
            0.7655654410129814,
            0.6437985522191022,
            0.7773799446789039,
            0.8451797499524986
        ],
        "Time": [
            22.309934854507446,
            21.382673978805542,
            16.75012183189392,
            13.969646215438843,
            16.3759605884552,
            16.080943822860718,
            14.395061492919922,
            19.00204372406006,
            20.39042091369629,
            12.816462278366089
        ],
        "CPU Time": [
            22.265625,
            21.359375,
            16.734375,
            13.921875,
            16.359375,
            15.984375,
            14.3125,
            19.0,
            20.359375,
            12.796875
        ]
    },
    "KN": {
        "NMI": [
            0.9151995111034358,
            0.9251769667132276,
            0.919885828241305,
            0.9014613237725865,
            0.9254830693299338,
            0.933460027519421,
            0.9407078634305021,
            0.9538846465185339,
            0.904750783066241,
            0.9573408804325454
        ],
        "AMI": [
            0.9013779268262183,
            0.9155490234151197,
            0.9087624242443467,
            0.8950481271719029,
            0.9189149362398625,
            0.9215707946100623,
            0.9322782819304969,
            0.9443953352483155,
            0.8874581161426301,
            0.9508994081853444
        ],
        "ARMI": [
            0.8950887137018473,
            0.9132409591918953,
            0.907676979966076,
            0.8874217230017604,
            0.9131892247359276,
            0.92787260419736,
            0.9273235113344789,
            0.9379104177439518,
            0.8936301784239845,
            0.9469526848411571
        ],
        "Time": [
            119.27085566520691,
            102.22096371650696,
            98.87842917442322,
            89.60629653930664,
            89.51596117019653,
            96.5974452495575,
            81.82219934463501,
            102.71629357337952,
            126.25104188919067,
            72.76190543174744
        ],
        "CPU Time": [
            119.046875,
            102.09375,
            98.8125,
            89.390625,
            89.40625,
            96.453125,
            81.6875,
            102.640625,
            126.078125,
            72.71875
        ]
    },
    "KL_EM": {
        "NMI": [
            0.9436881004949047,
            0.9473792343539958,
            0.9527492918333343,
            0.9423438089389143,
            0.9308933797409183,
            0.9515759647393508,
            0.9745260037754395,
            0.940357829807998,
            0.9428868947106726,
            0.983600421252076
        ],
        "AMI": [
            0.9313642459762473,
            0.9386966269040273,
            0.9479788937052307,
            0.9379753570132292,
            0.918214210893501,
            0.9447645786733326,
            0.9672897405306982,
            0.9268151570680723,
            0.9370050627284292,
            0.981282376920515
        ],
        "ARMI": [
            0.9366300426173937,
            0.9407260466111207,
            0.9453492323655349,
            0.9327971662214075,
            0.9232248603234438,
            0.9407333042671485,
            0.9656972672323809,
            0.9357696504983449,
            0.9313454926162225,
            0.9818715980198888
        ],
        "Time": [
            135.52539491653442,
            136.69664907455444,
            136.71039819717407,
            103.26972794532776,
            110.88099718093872,
            132.8758578300476,
            100.74691224098206,
            121.32151627540588,
            154.7519977092743,
            81.67761254310608
        ],
        "CPU Time": [
            135.421875,
            136.359375,
            136.53125,
            103.171875,
            110.671875,
            132.6875,
            100.671875,
            121.140625,
            154.078125,
            81.5625
        ]
    },
    "MHA250k": {
        "NMI": [
            0.9208384632405126,
            0.8808473439612247,
            0.891896292765804,
            0.9051116319922395,
            0.9069481659472016,
            0.9132407874567228,
            0.9126512998215576,
            0.9351843734890861,
            0.9441047114945003,
            0.9388986187137263
        ],
        "AMI": [
            0.9105638403351054,
            0.8645649083214534,
            0.8809724706556604,
            0.8977202351696897,
            0.8985843062361905,
            0.9027161528956505,
            0.9058529923817797,
            0.9294013811666001,
            0.9345356420234733,
            0.9334832694027226
        ],
        "ARMI": [
            0.9051225528068361,
            0.8670541029069876,
            0.8767422560410001,
            0.8911289739387905,
            0.8846694165897236,
            0.9001309504208134,
            0.8940615208090154,
            0.9237523344524319,
            0.9374872626822559,
            0.9277351251750449
        ],
        "Time": [
            259.1687970161438,
            254.28109002113342,
            251.33967900276184,
            248.6310579776764,
            263.4234127998352,
            254.33552169799805,
            269.6087579727173,
            250.8266623020172,
            250.4783580303192,
            243.44463896751404
        ],
        "CPU Time": [
            258.65625,
            253.859375,
            251.03125,
            248.15625,
            262.765625,
            253.9375,
            268.96875,
            250.53125,
            250.0625,
            243.0
        ]
    },
    "FROST_SVCA": {
        "NMI": [
            1.0,
            1.0,
            1.0,
            0.9999999999999999,
            1.0000000000000002,
            0.9880441652170517,
            1.0,
            1.0,
            1.0,
            1.0
        ],
        "AMI": [
            1.0,
            1.0,
            1.0,
            0.9999999999999998,
            1.0,
            0.9828143947525266,
            1.0,
            1.0,
            1.0,
            1.0
        ],
        "ARMI": [
            1.0,
            1.0,
            1.0,
            1.0,
            1.0,
            0.9810672656781676,
            1.0000000000000002,
            0.9999999999999998,
            0.9999999999999998,
            1.0
        ],
        "Time": [
            12.238619089126587,
            10.089614629745483,
            9.48672103881836,
            8.760727643966675,
            10.674826860427856,
            11.531698942184448,
            11.011774063110352,
            8.022958755493164,
            12.79981255531311,
            8.339929580688477
        ],
        "CPU Time": [
            12.25,
            10.125,
            9.5625,
            8.78125,
            10.625,
            11.53125,
            10.953125,
            8.03125,
            12.765625,
            8.296875
        ]
    },