{
    "FROST": {
        "NMI": [
            0.3223285125291025,
            0.18655309326512062,
            0.20337259894677803,
            0.29299904073579414,
            0.21921836237086845,
            0.2792004850553065,
            0.20033198729990484,
            0.25662625767319863,
            0.22720647689334275,
            0.20592442826712226
        ],
        "AMI": [
            0.24076857516970407,
            0.12351099584943423,
            0.1537619095308851,
            0.22949165191630935,
            0.1614886057873897,
            0.20209043377154992,
            0.15020047304569145,
            0.19530126963545935,
            0.16814463111079536,
            0.13348244728282108
        ],
        "ARMI": [
            0.14994936017902824,
            0.055052391560048944,
            0.08860901465470264,
            0.14501513838387142,
            0.091516381994883,
            0.11610566290632594,
            0.082356877100164,
            0.11364813142360838,
            0.0951491333507127,
            0.06172121528015957
        ],
        "Time": [
            75.98697280883789,
            51.45558285713196,
            60.54594659805298,
            73.46552991867065,
            122.1339464187622,
            65.28649950027466,
            44.943434953689575,
            70.39894342422485,
            66.21410703659058,
            66.62325596809387
        ],
        "CPU Time": [
            75.703125,
            51.1875,
            60.328125,
            73.203125,
            121.5625,
            65.0625,
            44.78125,
            70.046875,
            65.953125,
            66.34375
        ]
    },
    "KN": {
        "NMI": [
            0.14809909060128376,
            0.1290246378766869,
            0.08166308141350223,
            0.11814995522973216,
            0.101966416599904,
            0.1457014805106589,
            0.11433406402254347,
            0.1291804597488847,
            0.10144363240021746,
            0.12315952881820111
        ],
        "AMI": [
            0.04710115556293499,
            0.06216496629057031,
            0.0265750525731498,
            0.037538495326622776,
            0.034572235755538666,
            0.052578050655213975,
            0.06008709503712051,
            0.056272053056951446,
            0.034148797507688594,
            0.04305369964225792
        ],
        "ARMI": [
            0.0017292697975483519,
            0.007692774436403797,
            -0.002871022110666226,
            -0.004108155083506021,
            -0.003942905593355864,
            0.004546633165962308,
            0.012020189533288076,
            0.005250137032401965,
            -0.0011115137466216388,
            5.138257943898234e-05
        ],
        "Time": [
            429.57269978523254,
            315.73136591911316,
            283.1832842826843,
            377.3725075721741,
            461.7226288318634,
            439.422988653183,
            262.95068740844727,
            308.3997223377228,
            325.5883095264435,
            302.65971207618713
        ],
        "CPU Time": [
            427.875,
            314.625,
            282.09375,
            375.71875,
            458.71875,
            437.59375,
            262.328125,
            307.40625,
            324.546875,
            301.59375
        ]
    },
    "KL_EM": {
        "NMI": [
            0.24104321613873422,
            0.14368926463998435,
            0.1209289842244553,
            0.13997769351124387,
            0.25520647783092143,
            0.1792058174021873,
            0.16277707087969154,
            0.10548383794490801,
            0.15429232916608696,
            0.15283234766766093
        ],
        "AMI": [
            0.14945233015671072,
            0.07752827101079532,
            0.06771816436998764,
            0.061025359933954144,
            0.19717245290641,
            0.08913218192020649,
            0.110673752920062,
            0.03104971368683603,
            0.09020843516457117,
            0.0748807330847229
        ],
        "ARMI": [
            0.07072249545441588,
            0.016034531826785447,
            0.022403596094394487,
            0.009141259864914817,
            0.11857353401080879,
            0.02494144867869877,
            0.04925295681523236,
            -0.007779532765498938,
            0.031344472873973565,
            0.01749777590265365
        ],
        "Time": [
            643.5974626541138,
            426.7244601249695,
            362.07811284065247,
            480.0969874858856,
            469.5034749507904,
            664.1125133037567,
            413.2974441051483,
            486.428724527359,
            468.8056335449219,
            493.8673429489136
        ],
        "CPU Time": [
            641.84375,
            425.40625,
            360.71875,
            478.640625,
            467.71875,
            661.40625,
            411.796875,
            485.0625,
            467.28125,
            492.328125
        ]
    },
    "MHA250k": {
        "NMI": [
            0.15882097631970238,
            0.12162863285112925,
            0.09320544869733711,
            0.1599158346855072,
            0.13283255826404305,
            0.15689877996784848,
            0.10219818013605882,
            0.11845259846573174,
            0.12412744918608896,
            0.12817683438049188
        ],
        "AMI": [
            0.059086188756392384,
            0.05442052886211218,
            0.038667042508354565,
            0.08242804727704205,
            0.06723928966946748,
            0.06484017370685163,
            0.04742759464998591,
            0.04486996188078636,
            0.05820604858902158,
            0.048428336989343186
        ],
        "ARMI": [
            0.007535349687609502,
            0.0019897522904566744,
            0.0020884132904194254,
            0.022415256063475778,
            0.015184014957433703,
            0.010049816824089317,
            0.004392272264960613,
            -0.0004549743456549295,
            0.010008990735860644,
            0.0017207797204610235
        ],
        "Time": [
            510.5032274723053,
            489.22038745880127,
            482.0928988456726,
            499.0994322299957,
            513.487729549408,
            510.97190499305725,
            504.0031132698059,
            500.205659866333,
            490.87648034095764,
            506.905579328537
        ],
        "CPU Time": [
            508.90625,
            487.25,
            480.453125,
            497.578125,
            511.515625,
            509.078125,
            501.984375,
            498.40625,
            489.078125,
            505.390625
        ]
    },
    "FROST_SVCA": {
        "NMI": [
            0.3601855950857418,
            0.2992382625933289,
            0.26149828684397003,
            0.29783246033243066,
            0.3628522579736644,
            0.3360925393140805,
            0.28297370923217463,
            0.3089012895561533,
            0.2713481122553243,
            0.3939518109318079
        ],
        "AMI": [
            0.28290509284419313,
            0.24248615199347645,
            0.2156953642927247,
            0.23198650112610342,
            0.3129382125357838,
            0.2618501775380779,
            0.23683712660997816,
            0.24891143740300098,
            0.21501200787861371,
            0.33887362826660133
        ],
        "ARMI": [
            0.18869444666693685,
            0.16442064135514622,
            0.14238808582993828,
            0.14831802187227572,
            0.22775761539229047,
            0.1718089720163891,
            0.16221112955278796,
            0.16550419448570475,
            0.13636454471423487,
            0.2458046414404987
        ],