{
    "FROST": {
        "NMI": [
            0.6877136477380903,
            0.6746909155642821,
            0.6366777311961672,
            0.6346402382694885,
            0.7316049569785785,
            0.6804321409413452,
            0.676270136698524,
            0.6925917628964724,
            0.6521220940771201,
            0.7149344322362776
        ],
        "AMI": [
            0.6364647525661894,
            0.6512881360277092,
            0.6040342687864748,
            0.5971557369574493,
            0.6856576809844642,
            0.6273248480588672,
            0.6264247783811768,
            0.6509230980743094,
            0.6183534325461432,
            0.6891488627538396
        ],
        "ARMI": [
            0.5553698817939946,
            0.5839504421434886,
            0.5224570345908235,
            0.5140048805737157,
            0.613256000908399,
            0.5529402017587519,
            0.5516975384157023,
            0.5916228831502437,
            0.54280215808509,
            0.6092796830089962
        ],
        "Time": [
            24.771567344665527,
            23.656125783920288,
            25.07109785079956,
            25.710106372833252,
            27.632256031036377,
            26.890857458114624,
            26.595580101013184,
            20.98522639274597,
            30.239066123962402,
            30.157721996307373
        ],
        "CPU Time": [
            24.734375,
            23.53125,
            25.03125,
            25.6875,
            27.5625,
            26.828125,
            26.484375,
            20.984375,
            30.203125,
            30.03125
        ]
    },
    "KN": {
        "NMI": [
            0.9094575060572359,
            0.9486545176171478,
            0.8845213013141722,
            0.9226701685213198,
            0.9225548730009193,
            0.914217275270106,
            0.9132721342061166,
            0.9067977805714175,
            0.8790174871599218,
            0.9134164133959921
        ],
        "AMI": [
            0.8973827960879487,
            0.9447786102266383,
            0.8712949567465454,
            0.912341438371092,
            0.9134170433566017,
            0.90569401300597,
            0.9032139610934414,
            0.8957320407888049,
            0.860661639314472,
            0.9052565963423679
        ],
        "ARMI": [
            0.8915647585566949,
            0.9404613427880033,
            0.8647620081863108,
            0.9105001272763629,
            0.907216416038978,
            0.8975812176634157,
            0.8989986933355459,
            0.8849123540837216,
            0.8602672392823051,
            0.8970073377939959
        ],
        "Time": [
            60.95637536048889,
            57.07229566574097,
            58.90008807182312,
            60.33230900764465,
            57.39067316055298,
            53.019439697265625,
            63.13341546058655,
            50.98631930351257,
            54.79013752937317,
            55.14038920402527
        ],
        "CPU Time": [
            60.890625,
            56.96875,
            58.796875,
            60.21875,
            57.328125,
            52.875,
            63.046875,
            50.921875,
            54.734375,
            54.9375
        ]
    },
    "KL_EM": {
        "NMI": [
            0.9194164637743432,
            0.9481558108032514,
            0.9484692230045928,
            0.9713034889020804,
            0.9482253665708238,
            0.9539492871848814,
            0.9373212036871618,
            0.9447074826125097,
            0.9709837707221447,
            0.9497328862961196
        ],
        "AMI": [
            0.9101501954699275,
            0.94314491905682,
            0.9395699676221987,
            0.9653755970212168,
            0.942762587445909,
            0.9493716978137297,
            0.9286412961413752,
            0.9406747230907883,
            0.9643819521611773,
            0.9407388894169867
        ],
        "ARMI": [
            0.9044510977568564,
            0.9409977167445577,
            0.9442602535465743,
            0.9623007163083622,
            0.9403035437881884,
            0.9457950752902196,
            0.9219473729115079,
            0.935780645655001,
            0.9610918758780639,
            0.9365974215878248
        ],
        "Time": [
            76.25108647346497,
            54.65581250190735,
            55.10320496559143,
            57.02286672592163,
            62.3326518535614,
            64.0098192691803,
            68.30822372436523,
            56.3845636844635,
            60.23090958595276,
            55.03103184700012
        ],
        "CPU Time": [
            76.078125,
            54.578125,
            55.046875,
            56.9375,
            62.28125,
            63.875,
            68.265625,
            56.34375,
            60.15625,
            54.953125
        ]
    },
    "MHA250k": {
        "NMI": [
            0.9084686507168755,
            0.9258437907382605,
            0.9094510035754384,
            0.9038823211999008,
            0.9410489686987761,
            0.9085317038431733,
            0.9261653160039158,
            0.9001847323742356,
            0.9571120493854605,
            0.9493637109655425
        ],
        "AMI": [
            0.8938675679219095,
            0.9133263018575449,
            0.9016350977941969,
            0.8852922980335883,
            0.9356468684772523,
            0.8925043869558231,
            0.9093815650600773,
            0.8706793024291084,
            0.945145865194548,
            0.9393199752159178
        ],
        "ARMI": [
            0.8828452980489006,
            0.9075487170439411,
            0.8905727424232105,
            0.8770016277409144,
            0.9266846950586369,
            0.8836511716190677,
            0.9000202232889918,
            0.8648817348854901,
            0.9385913073732729,
            0.9352696649281194
        ],
        "Time": [
            199.2637391090393,
            199.30850458145142,
            198.10624885559082,
            198.31165766716003,
            196.1721408367157,
            198.39130783081055,
            201.15876841545105,
            197.29632782936096,
            196.23994207382202,
            200.9043595790863
        ],
        "CPU Time": [
            198.984375,
            198.828125,
            197.734375,
            197.984375,
            195.78125,
            197.96875,
            200.8125,
            196.921875,
            195.8125,
            200.421875
        ]
    },
    "FROST_SVCA": {
        "NMI": [
            1.0,
            1.0,
            1.0000000000000002,
            1.0,
            1.0,
            0.9999999999999999,
            0.9999999999999999,
            0.9999999999999999,
            1.0,
            1.0
        ],
        "AMI": [
            1.0,
            1.0,
            1.0,
            1.0,
            1.0,
            0.9999999999999999,
            0.9999999999999999,
            0.9999999999999997,
            1.0,
            1.0
        ],
        "ARMI": [
            1.0,
            1.0,
            0.9999999999999996,
            1.0,
            1.0,
            0.9999999999999998,
            0.9999999999999996,
            1.0000000000000002,
            1.0,
            1.0
        ],
        "Time": [
            10.876648426055908,
            9.341874122619629,
            8.795774221420288,
            8.20335078239441,
            7.887170314788818,
            8.460146427154541,
            7.88892388343811,
            7.601543664932251,
            7.872247934341431,
            8.206724882125854
        ],
        "CPU Time": [
            10.828125,
            9.265625,
            8.765625,
            8.328125,
            7.875,
            8.4375,
            7.875,
            7.625,
            7.84375,
            8.140625
        ]
    },