{
    "FROST": {
        "NMI": [
            0.8148903019683928,
            0.8282982709655577,
            0.8048667611485916,
            0.7386510533452226,
            0.6790303045600742,
            0.7451900528272722,
            0.7196807025874798,
            0.6067320140729938,
            0.7239148708390915,
            0.844881150665593
        ],
        "AMI": [
            0.7989355669962411,
            0.8169499606606482,
            0.7926911216462227,
            0.7203604790662935,
            0.6453540623442529,
            0.7184077044896212,
            0.679854108018297,
            0.5645526147224279,
            0.6953510467730675,
            0.7872862854261219
        ],
        "ARMI": [
            0.7456054143586595,
            0.7878753393759269,
            0.737261134381792,
            0.6543091247480176,
            0.574458380823325,
            0.6607062005366106,
            0.6099874956922724,
            0.4740168807165649,
            0.6360004002295376,
            0.7577419417674958
        ],
        "Time": [
            22.748595237731934,
            16.642061471939087,
            20.200398683547974,
            18.825621843338013,
            22.991830587387085,
            21.0041983127594,
            26.164503812789917,
            28.00268054008484,
            20.905721187591553,
            17.490142107009888
        ],
        "CPU Time": [
            22.71875,
            16.640625,
            20.15625,
            18.8125,
            22.96875,
            21.0,
            26.109375,
            27.9375,
            20.84375,
            17.484375
        ]
    },
    "KN": {
        "NMI": [
            0.9570576087188034,
            0.915612198813018,
            0.9157103067181964,
            0.9271754608621158,
            0.9402225619091196,
            0.9270550036392646,
            0.9226408520363178,
            0.9171734733060657,
            0.9590998076313431,
            0.9259382762472212
        ],
        "AMI": [
            0.9528088414525562,
            0.9103244630417808,
            0.908344758345949,
            0.91925979456233,
            0.9268794661418652,
            0.9214526099027077,
            0.9031489691293467,
            0.9074401622713022,
            0.9561644443585445,
            0.9203867717163555
        ],
        "ARMI": [
            0.9476122436122064,
            0.8990474612257253,
            0.9043850276769094,
            0.9131161492633743,
            0.9208988841011261,
            0.9145583728930788,
            0.8943147349316066,
            0.9056534092079153,
            0.9503498680148051,
            0.9158068607667665
        ],
        "Time": [
            67.65871405601501,
            54.9835638999939,
            59.99957609176636,
            65.1866946220398,
            67.05412411689758,
            62.41336798667908,
            68.20700263977051,
            76.9470751285553,
            62.44071435928345,
            54.02599048614502
        ],
        "CPU Time": [
            67.515625,
            54.90625,
            59.875,
            65.0625,
            66.984375,
            62.375,
            68.171875,
            76.828125,
            62.3125,
            53.984375
        ]
    },
    "KL_EM": {
        "NMI": [
            0.9278055160581695,
            0.9731710412837935,
            0.9426343158593813,
            0.9446170488282326,
            0.9437098479816991,
            0.9458115520969511,
            0.968568725487161,
            0.9533652971955664,
            0.9568057310827579,
            0.9690230535246154
        ],
        "AMI": [
            0.9192030022265573,
            0.9656472347280949,
            0.9312696137774262,
            0.9329984741549803,
            0.9342341859113287,
            0.9352839444437082,
            0.9653168025335302,
            0.9474092922529735,
            0.9472573943128276,
            0.964595053121444
        ],
        "ARMI": [
            0.919573437964049,
            0.9636617384366555,
            0.9415676144061003,
            0.9435205066166578,
            0.9278477341247598,
            0.9438159309245023,
            0.9627230618544088,
            0.9432281464144783,
            0.9440266730035041,
            0.9606445891363233
        ],
        "Time": [
            78.46231770515442,
            53.043983936309814,
            78.32716608047485,
            75.91048789024353,
            73.44842314720154,
            64.32548332214355,
            89.09887862205505,
            100.56165623664856,
            66.60884165763855,
            68.85768532752991
        ],
        "CPU Time": [
            78.28125,
            52.921875,
            77.953125,
            75.8125,
            73.328125,
            64.265625,
            88.984375,
            100.21875,
            66.546875,
            68.6875
        ]
    },
    "MHA250k": {
        "NMI": [
            0.9343455891406796,
            0.9325428342619938,
            0.9343101347870758,
            0.8902756491043264,
            0.906344832913334,
            0.9483788180185151,
            0.9256690725901253,
            0.9235725563076861,
            0.9238162947039279,
            0.9436725823967845
        ],
        "AMI": [
            0.9272448656945333,
            0.9181344256426511,
            0.9253568407992445,
            0.8766439910334436,
            0.8922825975138298,
            0.9412401765770517,
            0.9148861898251103,
            0.9121909864787621,
            0.9124666742482617,
            0.934092652627657
        ],
        "ARMI": [
            0.9212308466911621,
            0.9127447363825756,
            0.9166102651898566,
            0.8766165774486278,
            0.8939595529154863,
            0.936313998010454,
            0.9091263395479495,
            0.9124491743243865,
            0.9042333396262308,
            0.9291131162678395
        ],
        "Time": [
            218.97160530090332,
            211.16590452194214,
            219.3546850681305,
            215.94783329963684,
            218.93805241584778,
            213.22283411026,
            216.57888460159302,
            213.09351181983948,
            213.26160836219788,
            211.7613115310669
        ],
        "CPU Time": [
            218.515625,
            210.84375,
            218.859375,
            215.5,
            218.59375,
            212.984375,
            216.296875,
            212.78125,
            212.8125,
            211.46875
        ]
    },
    "FROST_SVCA": {
        "NMI": [
            1.0000000000000002,
            1.0,
            1.0,
            1.0000000000000002,
            1.0,
            1.0,
            1.0,
            1.0000000000000002,
            1.0,
            1.0
        ],
        "AMI": [
            1.0,
            1.0,
            0.9999999999999998,
            1.0,
            1.0,
            1.0,
            0.9999999999999999,
            1.0,
            0.9999999999999998,
            1.0
        ],
        "ARMI": [
            0.9999999999999998,
            1.0000000000000002,
            0.9999999999999999,
            0.9999999999999997,
            1.0,
            0.9999999999999998,
            0.9999999999999998,
            1.0000000000000002,
            1.0,
            0.9999999999999998
        ],
        "Time": [
            7.691385984420776,
            7.052150011062622,
            7.77961802482605,
            9.114906311035156,
            7.16171407699585,
            10.313426733016968,
            8.632509708404541,
            10.553006649017334,
            9.31221866607666,
            7.059712171554565
        ],