{
    "FROST": {
        "NMI": [
            0.7888225213212748,
            0.7355013435860875,
            0.7871148954473142,
            0.717194277396447,
            0.7738878774768485,
            0.8091352602337477,
            0.7713967346836978,
            0.8880990182896656,
            0.8165100417301386,
            0.7975205041728721
        ],
        "AMI": [
            0.7687501506032701,
            0.7064206729671407,
            0.7629131754494092,
            0.69190353995198,
            0.748178873534482,
            0.7714795805808846,
            0.7504084325429085,
            0.8685720159245282,
            0.7767423626915051,
            0.7788250323148062
        ],
        "ARMI": [
            0.7124993842909929,
            0.633497535916157,
            0.7198077542677456,
            0.6244282760222428,
            0.6805189394730744,
            0.7348253936203258,
            0.6938110971684397,
            0.8456665320004769,
            0.7171831402703642,
            0.7244618245645315
        ],
        "Time": [
            21.357603311538696,
            25.19836926460266,
            18.100526094436646,
            19.955068826675415,
            19.45198392868042,
            13.306520223617554,
            17.91499662399292,
            14.13599681854248,
            25.068193435668945,
            18.290539741516113
        ],
        "CPU Time": [
            21.34375,
            25.15625,
            18.109375,
            19.9375,
            19.453125,
            13.296875,
            17.875,
            14.140625,
            25.03125,
            18.21875
        ]
    },
    "KN": {
        "NMI": [
            0.9446938154483195,
            0.9399108077246773,
            0.9333517493753829,
            0.9374632027873001,
            0.9337689378073135,
            0.9508086760839257,
            0.9644443731430009,
            0.9356787644141128,
            0.9387519295916774,
            0.9130352912165081
        ],
        "AMI": [
            0.9380465844194711,
            0.9266027657968061,
            0.9233573897033315,
            0.9311477808906045,
            0.9217674340905286,
            0.9469383892500766,
            0.951262815720259,
            0.9304817065917685,
            0.9260609356294581,
            0.9061803365719161
        ],
        "ARMI": [
            0.9318783667892385,
            0.9364238413362926,
            0.9270557947104414,
            0.9281050788215989,
            0.9281057456898826,
            0.9430999028241089,
            0.9685945920721823,
            0.9231379955174662,
            0.9215933036500168,
            0.898144611478779
        ],
        "Time": [
            92.94265651702881,
            95.30536103248596,
            73.5780439376831,
            76.06158423423767,
            74.07790541648865,
            66.33590006828308,
            82.34234476089478,
            68.05146980285645,
            102.33369493484497,
            69.31907606124878
        ],
        "CPU Time": [
            92.78125,
            95.15625,
            73.453125,
            75.9375,
            73.984375,
            66.21875,
            82.203125,
            67.984375,
            102.171875,
            69.1875
        ]
    },
    "KL_EM": {
        "NMI": [
            0.9692386317270247,
            0.9531897367295196,
            0.9339244202972319,
            0.968749393497539,
            0.9290092348771473,
            0.9666252309491994,
            0.9379343487912428,
            0.9619253579666424,
            0.9540015507007539,
            0.9636923257075289
        ],
        "AMI": [
            0.9642559247458011,
            0.9469894294285476,
            0.9223630675617255,
            0.9653032653109399,
            0.9186747015150166,
            0.961657797349667,
            0.9282938006954656,
            0.9579509427735156,
            0.9443598919927977,
            0.9609801480318351
        ],
        "ARMI": [
            0.9610070668290445,
            0.9443852661994788,
            0.9291657516050102,
            0.9617534614801418,
            0.9232562536643374,
            0.9634691682906257,
            0.931705300876614,
            0.9540171970216988,
            0.9401522462520229,
            0.9581358517811297
        ],
        "Time": [
            92.77452278137207,
            108.73784184455872,
            88.42037463188171,
            90.04696702957153,
            86.06527900695801,
            88.25613403320312,
            87.81462621688843,
            81.68890190124512,
            137.93049573898315,
            84.36740684509277
        ],
        "CPU Time": [
            92.703125,
            108.6875,
            88.296875,
            89.953125,
            85.96875,
            88.125,
            87.6875,
            81.390625,
            137.609375,
            84.234375
        ]
    },
    "MHA250k": {
        "NMI": [
            0.9396266466389239,
            0.8949503191274591,
            0.9126179913432722,
            0.9362505242618399,
            0.9005640221231279,
            0.9448297859686545,
            0.9288121051003507,
            0.939137419579759,
            0.9306319008874837,
            0.9255388502310725
        ],
        "AMI": [
            0.921848917577479,
            0.884646603672679,
            0.8992446996590113,
            0.927793520144009,
            0.8901360341252361,
            0.9338423359670628,
            0.9196375767149321,
            0.934699507893816,
            0.9095531896798162,
            0.9091046550616547
        ],
        "ARMI": [
            0.9166158118966989,
            0.8746674256311212,
            0.9019599410489532,
            0.9217826908853132,
            0.879654924308942,
            0.943640008584482,
            0.9102739557056113,
            0.9274647968722772,
            0.9046401522798425,
            0.9010640557259263
        ],
        "Time": [
            233.57607507705688,
            233.07823514938354,
            233.24587178230286,
            230.74481439590454,
            233.71341490745544,
            229.4919412136078,
            242.74597668647766,
            230.12346410751343,
            234.92199754714966,
            231.0813012123108
        ],
        "CPU Time": [
            233.171875,
            232.5625,
            232.890625,
            230.34375,
            233.375,
            229.03125,
            242.171875,
            229.671875,
            234.546875,
            230.6875
        ]
    },
    "FROST_SVCA": {
        "NMI": [
            1.0,
            1.0,
            1.0,
            1.0,
            1.0,
            1.0000000000000002,
            0.9999999999999999,
            1.0000000000000002,
            0.9760936217517315,
            1.0000000000000002
        ],
        "AMI": [
            1.0,
            1.0,
            1.0,
            0.9999999999999999,
            1.0,
            1.0,
            0.9999999999999997,
            1.0,
            0.9714008346450621,
            1.0
        ],
        "ARMI": [
            0.9999999999999998,
            1.0,
            0.9999999999999998,
            1.0000000000000004,
            1.0,
            1.0,
            1.0000000000000004,
            1.0,
            0.952903622163782,
            1.0000000000000004
        ],
        "Time": [
            10.208091020584106,
            7.996589660644531,
            10.734930038452148,
            10.628397941589355,
            9.422641038894653,
            9.974473237991333,
            10.520548820495605,
            6.806638956069946,
            15.231419563293457,
            9.749664783477783
        ],