{
    "FROST": {
        "NMI": [
            0.8322223126281869,
            0.8045347370548569,
            0.8358096251265142,
            0.8423310905412191,
            0.8574749825273076,
            0.7862527063210631,
            0.8260976347057498,
            0.8238907735423324,
            0.8245591760848332,
            0.8406588424245311
        ],
        "AMI": [
            0.7932981601848872,
            0.7594897050675878,
            0.769069234767036,
            0.7878461074657008,
            0.8149808790400467,
            0.7499110660867272,
            0.7886825497938836,
            0.7587730903890539,
            0.7885071951997717,
            0.7906735322580062
        ],
        "ARMI": [
            0.7804537305251901,
            0.7438731750291883,
            0.7601882969165883,
            0.7771618464640796,
            0.8006237123817197,
            0.7268717357548019,
            0.7718351714926407,
            0.7493359187631823,
            0.7715255133640252,
            0.7774811570224921
        ],
        "Time": [
            43.72880434989929,
            25.94227623939514,
            27.304734230041504,
            26.657169342041016,
            57.68315076828003,
            36.88857650756836,
            27.72051501274109,
            19.121413469314575,
            26.135632038116455,
            27.85637354850769
        ],
        "CPU Time": [
            43.625,
            25.859375,
            27.28125,
            26.59375,
            57.0625,
            36.84375,
            27.71875,
            19.078125,
            26.0625,
            27.796875
        ]
    },
    "KN": {
        "NMI": [
            0.9148043046605582,
            0.9250448594526731,
            0.9298137272736368,
            0.9376519121947914,
            0.9151800872772289,
            0.9206685006553851,
            0.8719104931290299,
            0.9441971309746123,
            0.901496741905033,
            0.9174785027375876
        ],
        "AMI": [
            0.8990575102990783,
            0.9107394345209213,
            0.9147000035858116,
            0.9273394836683834,
            0.9033690400643444,
            0.909327880797452,
            0.8577642223237449,
            0.9376900193938464,
            0.8900393379021314,
            0.9096268982296334
        ],
        "ARMI": [
            0.8887743086397798,
            0.9037747382417145,
            0.9049032108870767,
            0.9315944248223355,
            0.8939724101615899,
            0.8994467569709423,
            0.8467363840338978,
            0.9381101387819383,
            0.8828223542849021,
            0.9044542882772187
        ],
        "Time": [
            46.05836749076843,
            50.854966163635254,
            41.180439949035645,
            44.015464067459106,
            81.9971535205841,
            48.29108428955078,
            38.18760633468628,
            44.074702739715576,
            47.98938870429993,
            40.87279295921326
        ],
        "CPU Time": [
            46.0,
            50.828125,
            41.15625,
            43.890625,
            81.46875,
            48.171875,
            38.109375,
            43.984375,
            47.875,
            40.78125
        ]
    },
    "KL_EM": {
        "NMI": [
            0.9583533306263793,
            0.9564232405135299,
            0.9642115108145058,
            0.9531064343103618,
            0.9591297058162718,
            0.9617588741184487,
            0.9502190181831535,
            0.9789937524469415,
            0.9285754491339246,
            0.9515220757848851
        ],
        "AMI": [
            0.9488877759875507,
            0.9480858159542696,
            0.9613336510673611,
            0.9486842392718675,
            0.9540430860531363,
            0.9579235199320323,
            0.9465781158898656,
            0.9746559836159261,
            0.9092406386358443,
            0.9393863613228609
        ],
        "ARMI": [
            0.9449890216908373,
            0.9512743211580518,
            0.9577457123178638,
            0.9440748342794685,
            0.949418186055074,
            0.9571392889306012,
            0.9413926438640495,
            0.9784839417983111,
            0.9262666722066795,
            0.9345253589178614
        ],
        "Time": [
            49.7462956905365,
            56.215657234191895,
            41.85459637641907,
            48.69022083282471,
            77.2833046913147,
            47.29552340507507,
            40.67285919189453,
            42.327595472335815,
            63.11860108375549,
            38.56608510017395
        ],
        "CPU Time": [
            49.703125,
            56.09375,
            41.8125,
            48.5625,
            76.875,
            47.234375,
            40.53125,
            42.265625,
            63.03125,
            38.46875
        ]
    },
    "MHA250k": {
        "NMI": [
            0.9074822870973194,
            0.9414420465968998,
            0.9268941789293498,
            0.9203508596123986,
            0.9228580441344082,
            0.8696464789624141,
            0.9437334491714748,
            0.93008728507625,
            0.9018744506319749,
            0.9270373374962424
        ],
        "AMI": [
            0.8810813437266647,
            0.9227259006702895,
            0.9121586615069334,
            0.8974402719516972,
            0.908023121501022,
            0.8538639978616078,
            0.9288840539755053,
            0.9148655305627317,
            0.8853116660450231,
            0.9055817267254834
        ],
        "ARMI": [
            0.8717932867643226,
            0.9189130903746824,
            0.9045267189526079,
            0.8895441804116263,
            0.9002749071411471,
            0.8575075467413619,
            0.9225032946539449,
            0.9090593945655859,
            0.8752694899967126,
            0.8981416735480856
        ],
        "Time": [
            177.60894322395325,
            180.69968175888062,
            175.05622053146362,
            175.0966899394989,
            250.25518655776978,
            215.0993766784668,
            178.3516502380371,
            177.4322817325592,
            183.57906675338745,
            174.95767664909363
        ],
        "CPU Time": [
            177.15625,
            180.375,
            174.796875,
            174.78125,
            249.3125,
            214.75,
            178.0,
            177.21875,
            183.0625,
            174.71875
        ]
    },
    "FROST_SVCA": {
        "NMI": [
            1.0,
            1.0,
            1.0,
            1.0,
            1.0,
            1.0,
            1.0000000000000002,
            1.0,
            1.0,
            1.0
        ],
        "AMI": [
            1.0,
            1.0,
            1.0,
            0.9999999999999999,
            1.0,
            1.0,
            1.0,
            1.0,
            1.0,
            1.0
        ],
        "ARMI": [
            1.0,
            1.0,
            1.0000000000000002,
            1.0,
            0.9999999999999998,
            1.0000000000000002,
            1.0000000000000004,
            1.0,
            1.0000000000000002,
            1.0000000000000002
        ],
        "Time": [
            9.329789638519287,
            11.164713382720947,
            6.687169551849365,
            7.754284858703613,
            12.658652305603027,
            8.258866548538208,
            8.31465768814087,
            8.51309323310852,
            11.445367336273193,
            6.7215256690979
        ],
        "CPU Time": [
            9.296875,
            11.15625,
            6.640625,
            7.75,
            12.640625,
            8.234375,
            8.25,
            8.515625,
            11.515625,
            6.671875
        ]
    },