{
    "FROST": {
        "NMI": [
            0.6277477665365502,
            0.723997974900098,
            0.7755292301586036,
            0.822151102999798,
            0.782401752671596,
            0.7325770137189616,
            0.8005857472403602,
            0.8581459823891951,
            0.8040566400140955,
            0.8014746222273883
        ],
        "AMI": [
            0.6006736512646225,
            0.7028291299506438,
            0.7455630267533497,
            0.8033681012241326,
            0.7576896324122284,
            0.7110837335701911,
            0.7865889068766193,
            0.8405689860401541,
            0.7854034848731984,
            0.7891896463347304
        ],
        "ARMI": [
            0.5390794717343192,
            0.6445524313116344,
            0.7022048642121885,
            0.7592059315947454,
            0.723753910074314,
            0.6533270102214764,
            0.7469854782819776,
            0.8034600031442523,
            0.7374999476689302,
            0.7525276173221301
        ],
        "Time": [
            24.13657832145691,
            29.898804187774658,
            26.544601917266846,
            29.027601718902588,
            50.6628577709198,
            23.138317823410034,
            25.254186868667603,
            28.299342393875122,
            31.999529600143433,
            29.94085383415222
        ],
        "CPU Time": [
            23.953125,
            29.859375,
            26.46875,
            28.890625,
            49.75,
            23.03125,
            25.125,
            28.234375,
            31.90625,
            29.890625
        ]
    },
    "KN": {
        "NMI": [
            0.9532908938430842,
            0.9524368746545546,
            0.9650121424575762,
            0.9249743162600075,
            0.8810331041513052,
            0.9253086437305443,
            0.9171669950911426,
            0.9126501051849922,
            0.9198625823488058,
            0.9333022000829506
        ],
        "AMI": [
            0.9459800371881404,
            0.9422316433525859,
            0.961968563931601,
            0.9149662532242724,
            0.8677852500276347,
            0.9157622785257151,
            0.9111075903949163,
            0.9027617607040276,
            0.9087905411193395,
            0.9254718378513155
        ],
        "ARMI": [
            0.9421289948758463,
            0.950249663625203,
            0.9585837511144317,
            0.9128143763118952,
            0.8530110034437463,
            0.918366058808409,
            0.901143859985822,
            0.8996786338771252,
            0.9113090516511833,
            0.9152043083061945
        ],
        "Time": [
            217.3413791656494,
            246.4888401031494,
            217.37166690826416,
            254.2761754989624,
            468.25444865226746,
            198.83469676971436,
            206.6214632987976,
            201.5335249900818,
            206.13161087036133,
            199.72523546218872
        ],
        "CPU Time": [
            215.390625,
            245.765625,
            216.5625,
            253.40625,
            461.28125,
            198.296875,
            205.5,
            200.921875,
            205.375,
            199.015625
        ]
    },
    "KL_EM": {
        "NMI": [
            0.9587437149023584,
            0.9462050508534664,
            0.9468112122391051,
            0.9516605205954312,
            0.9678990234334022,
            0.9578392128061716,
            0.9452307983901483,
            0.9534373791832115,
            0.9549140846274963,
            0.9623454027859232
        ],
        "AMI": [
            0.9555952396846434,
            0.935095350500495,
            0.9416668896304866,
            0.9421248071241324,
            0.962431017902008,
            0.9490594584976122,
            0.9379015051406678,
            0.9493459991449639,
            0.9472390424268825,
            0.9519296045731959
        ],
        "ARMI": [
            0.9477165630342282,
            0.9443238426617208,
            0.933300046687996,
            0.9382773699490053,
            0.9592801893001212,
            0.955087685910617,
            0.9404294246627031,
            0.9446821852437941,
            0.9504995069879565,
            0.9484691724647923
        ],
        "Time": [
            186.33735346794128,
            238.1447491645813,
            269.90811705589294,
            284.38531279563904,
            293.401620388031,
            250.62205505371094,
            204.10480546951294,
            262.8984808921814,
            268.5914053916931,
            250.46074867248535
        ],
        "CPU Time": [
            185.71875,
            237.625,
            268.921875,
            283.484375,
            292.390625,
            249.921875,
            203.4375,
            261.734375,
            267.203125,
            249.34375
        ]
    },
    "MHA250k": {
        "NMI": [
            0.9501833341126944,
            0.9349981870825124,
            0.9135698151405562,
            0.9352535908883597,
            0.9193201854545769,
            0.9163880463542634,
            0.944865241475939,
            0.9126949547578553,
            0.9088440700547205,
            0.9372791492565484
        ],
        "AMI": [
            0.9450948806967064,
            0.9228716324218807,
            0.9034886146830364,
            0.9258532700857867,
            0.9083381285568937,
            0.9014964275140284,
            0.9343874775671378,
            0.8994032200151548,
            0.8991340865673831,
            0.9278556264880258
        ],
        "ARMI": [
            0.9390284884353931,
            0.9309144207679135,
            0.8966415940134137,
            0.9255651221788451,
            0.901904237095009,
            0.9100007750407009,
            0.9410672530711363,
            0.8992527803527798,
            0.8890310644318514,
            0.9318710441375124
        ],
        "Time": [
            450.60620307922363,
            406.8475570678711,
            448.1903831958771,
            438.0272891521454,
            385.4994087219238,
            396.3727197647095,
            397.33586072921753,
            417.2388105392456,
            415.5404603481293,
            402.4108393192291
        ],
        "CPU Time": [
            447.09375,
            405.546875,
            446.640625,
            436.703125,
            384.421875,
            395.21875,
            396.28125,
            415.90625,
            413.921875,
            400.9375
        ]
    },
    "FROST_SVCA": {
        "NMI": [
            0.9866882789577993,
            0.9873488567960893,
            0.993213322868705,
            0.9916992621030459,
            0.9806641448577558,
            0.9679006312019767,
            0.9945972170087845,
            0.9965151579962889,
            0.9932079379156633,
            0.9948735070864314
        ],
        "AMI": [
            0.9856515914840275,
            0.9850470640005985,
            0.9923708225944792,
            0.990211082624412,
            0.9769943829066767,
            0.9628009726894816,
            0.9936918377530943,
            0.9958727864505768,
            0.9925778869281245,
            0.9942821370771878
        ],
        "ARMI": [
            0.9752845796364773,
            0.9765863287425679,
            0.9852078673823732,
            0.9822926110027201,
            0.9714936936048763,
            0.9565077132586095,
            0.9885292409313425,
            0.9921870804421521,
            0.986558145530431,
            0.9903446320310414
        ],