{
    "FROST": {
        "NMI": [
            0.07019877031576059,
            0.05933023044829489,
            0.06739327605026893,
            0.04741210178429882,
            0.06169751510454519,
            0.08218654249344293,
            0.0459685604562497,
            0.05538019743052005,
            0.060090696984834706,
            0.06729508330035824
        ],
        "AMI": [
            0.001771790780236657,
            0.0029604596629987205,
            -0.006323042439171811,
            0.0016682243391751945,
            -0.0009740908107565512,
            0.006847750378107923,
            0.006051273537496261,
            -0.0017011862711287544,
            -0.002795645493885968,
            0.0045711478037080725
        ],
        "ARMI": [
            -0.013809850223131971,
            -0.014246771514804772,
            -0.016200645238108404,
            -0.008949377243580683,
            -0.01052502882864244,
            -0.008751978884490181,
            -0.012652898982993797,
            -0.022853232384103507,
            -0.01274206564146224,
            -0.020318667369856255
        ],
        "Time": [
            36.10505175590515,
            26.65029788017273,
            40.73133826255798,
            21.86786651611328,
            32.96519875526428,
            42.446993350982666,
            23.57095956802368,
            25.815376043319702,
            35.50285625457764,
            33.83125329017639
        ],
        "CPU Time": [
            36.046875,
            26.609375,
            40.703125,
            21.78125,
            32.9375,
            42.34375,
            23.53125,
            25.78125,
            35.4375,
            33.75
        ]
    },
    "KN": {
        "NMI": [
            0.06634448413308491,
            0.05165723355561175,
            0.06973080853747714,
            0.04548937888753751,
            0.06196624908174028,
            0.07882936036175679,
            0.0403822269859234,
            0.05664841591567159,
            0.06300854782570241,
            0.060016653403368786
        ],
        "AMI": [
            -0.002981801427532698,
            -0.004920486203748613,
            -0.0068011673032565036,
            0.0010021563289661845,
            -0.00040740026538285733,
            0.003361723678700129,
            0.0008227016741364675,
            -0.0003459676123322147,
            0.00035083729678415563,
            -0.0032234459146082577
        ],
        "ARMI": [
            -0.013778467277963554,
            -0.01664845155979044,
            -0.017260629657527237,
            -0.00910708256530174,
            -0.010450593024146455,
            -0.0075342318764916975,
            -0.0132888586084065,
            -0.022458418663205974,
            -0.01285245574522438,
            -0.023469332783054606
        ],
        "Time": [
            156.22614359855652,
            153.70964193344116,
            205.62638211250305,
            138.91261863708496,
            148.6220862865448,
            201.6375880241394,
            134.78980040550232,
            160.3422794342041,
            143.28971481323242,
            173.81512832641602
        ],
        "CPU Time": [
            155.9375,
            153.4375,
            205.28125,
            138.609375,
            148.390625,
            201.28125,
            134.5625,
            159.953125,
            143.046875,
            173.609375
        ]
    },
    "KL_EM": {
        "NMI": [
            0.07293412447357299,
            0.05636777684010749,
            0.07341967165156515,
            0.04728878613844111,
            0.05828843941900556,
            0.07389316505027994,
            0.038266237076111626,
            0.05349531337074974,
            0.06288876739133105,
            0.06249221255936729
        ],
        "AMI": [
            0.003920349735080475,
            -9.033319467590066e-05,
            -0.0028465591805498422,
            0.0028531571683792427,
            -0.004307241139801011,
            -0.0019978059732553973,
            -0.0013822790134504614,
            -0.0035392939508607116,
            0.00010975878297721512,
            -0.0006844529358204233
        ],
        "ARMI": [
            -0.011980462651002381,
            -0.015889310977321696,
            -0.01773229270517064,
            -0.008037082977998317,
            -0.011093220101256003,
            -0.009439232959429715,
            -0.014266261216852273,
            -0.023562420753084182,
            -0.013426763938755654,
            -0.020661634562673822
        ],
        "Time": [
            258.298583984375,
            281.0718972682953,
            287.47085976600647,
            168.67109537124634,
            212.09793543815613,
            274.32782101631165,
            170.62719178199768,
            198.66844868659973,
            225.45697402954102,
            215.5558135509491
        ],
        "CPU Time": [
            257.703125,
            280.765625,
            287.078125,
            168.359375,
            211.6875,
            273.890625,
            170.390625,
            198.40625,
            225.09375,
            215.28125
        ]
    },
    "MHA250k": {
        "NMI": [
            0.07254417671584347,
            0.05708224994903255,
            0.07036811990945079,
            0.047986648982003874,
            0.0662870765186516,
            0.08474375710375394,
            0.03783577450485542,
            0.06035839430998804,
            0.06252365367709653,
            0.05869238996746495
        ],
        "AMI": [
            0.003483312236421694,
            0.0006783192149171089,
            -0.006151872878891494,
            0.0036184337063703683,
            0.004051305866108718,
            0.009657921217865732,
            -0.001846241099636807,
            0.0035340851917037394,
            -0.00026580271075477897,
            -0.004618618275254625
        ],
        "ARMI": [
            -0.012991054786770978,
            -0.014718404361676285,
            -0.017364589120705622,
            -0.009353204087278582,
            -0.0098079062042521,
            -0.0069538923311325785,
            -0.015051271354396042,
            -0.021306226655513894,
            -0.014135400298328242,
            -0.02261360725915418
        ],
        "Time": [
            309.9117822647095,
            301.3930985927582,
            321.9288878440857,
            290.1993498802185,
            302.37544417381287,
            309.0421872138977,
            288.36791014671326,
            304.50035858154297,
            328.0872938632965,
            315.8546988964081
        ],
        "CPU Time": [
            309.265625,
            300.828125,
            321.046875,
            289.609375,
            301.859375,
            308.34375,
            287.859375,
            303.984375,
            327.40625,
            314.984375
        ]
    },
    "FROST_SVCA": {
        "NMI": [
            0.07315832107572515,
            0.05668024197569518,
            0.07479054303546183,
            0.0412242362367567,
            0.06706904555166159,
            0.0801036610078536,
            0.043722053557011295,
            0.0626449311178937,
            0.06460102321106019,
            0.06013735682589269
        ],
        "AMI": [
            0.004178305961802461,
            2.845288925543626e-05,
            -0.0017914745094771067,
            -0.003793788513746514,
            0.004613960998896866,
            0.004625264718388119,
            0.0038308785876675993,
            0.00618233617052871,
            0.0022319322402138556,
            -0.003118102646811054
        ],