{
    "FROST": {
        "NMI": [
            0.08388915257492405,
            0.09300034311210678,
            0.06332993504084768,
            0.10643361481480297,
            0.06670685323585918,
            0.06489097564259719,
            0.09210449992953314,
            0.09522031363141666,
            0.09922965881511984,
            0.08065830336818812
        ],
        "AMI": [
            0.0014672704690752013,
            0.018400144211323466,
            0.006955526367748557,
            0.012086796224002706,
            0.00436823789301471,
            0.008024368489338254,
            0.0024730854347928388,
            0.00763867152648709,
            0.011318057557837569,
            0.005917303013798763
        ],
        "ARMI": [
            -0.015197232618044183,
            -0.01109729434903803,
            -0.013441202263957201,
            -0.006235036152848163,
            -0.009857162491146874,
            -0.016750410515806835,
            -0.016503642417105367,
            -0.01743304952932977,
            -0.012646299492387278,
            -0.009723445261582904
        ],
        "Time": [
            40.55822134017944,
            35.92043876647949,
            34.30134963989258,
            40.7314133644104,
            29.471407175064087,
            27.488778352737427,
            39.30032467842102,
            40.63880729675293,
            37.84539818763733,
            47.66085147857666
        ],
        "CPU Time": [
            40.46875,
            35.859375,
            34.21875,
            40.65625,
            29.453125,
            27.4375,
            39.265625,
            40.515625,
            37.828125,
            47.625
        ]
    },
    "KN": {
        "NMI": [
            0.08483461342343127,
            0.07944206200127575,
            0.0586166537192565,
            0.10554212506369531,
            0.06535449223336012,
            0.0544188749821862,
            0.09501441554061463,
            0.09661506791678276,
            0.092592802213225,
            0.07783150733782888
        ],
        "AMI": [
            0.0018773646331086793,
            0.0034711277218240446,
            0.0022089557237399853,
            0.009187979035029176,
            0.003062808229490284,
            -0.0026163236531956493,
            0.0048594331930685766,
            0.006724075517245431,
            0.002091439325845868,
            0.002133445506438532
        ],
        "ARMI": [
            -0.015573986963452852,
            -0.01769137906317423,
            -0.014028530477484868,
            -0.006047510521015133,
            -0.011740200829024848,
            -0.022697160769217482,
            -0.017357251134793632,
            -0.017482717956579283,
            -0.01652024092332765,
            -0.01101624704635229
        ],
        "Time": [
            200.94768261909485,
            199.90290355682373,
            162.05089020729065,
            248.5161497592926,
            184.35366201400757,
            153.62377667427063,
            228.28692960739136,
            221.4101369380951,
            227.12071061134338,
            233.46737599372864
        ],
        "CPU Time": [
            200.546875,
            199.546875,
            161.84375,
            247.9375,
            184.140625,
            153.375,
            227.625,
            221.015625,
            226.765625,
            233.171875
        ]
    },
    "KL_EM": {
        "NMI": [
            0.0790318742991316,
            0.07716188501307897,
            0.06013856949628263,
            0.105591284489852,
            0.0720663332280995,
            0.05297060722282246,
            0.10040430587292394,
            0.0933782599280953,
            0.09069953232418919,
            0.07993115571167436
        ],
        "AMI": [
            -0.0043681916738381645,
            0.000997739376581813,
            0.0037612786712059717,
            0.009224833610982568,
            0.010016148502532529,
            -0.004161159475068206,
            0.01067801698412004,
            0.0031917420019884667,
            5.6934803899465395e-05,
            0.004302193840155246
        ],
        "ARMI": [
            -0.018518153398355452,
            -0.017525607934242647,
            -0.01457487355079972,
            -0.005453024684184912,
            -0.00981506534053142,
            -0.023541122266434504,
            -0.0162035611253002,
            -0.020444580918596793,
            -0.01649809024035404,
            -0.010197523833109413
        ],
        "Time": [
            296.7548179626465,
            296.97924876213074,
            231.01606488227844,
            342.63733959198,
            225.88178753852844,
            212.7018699645996,
            282.5074427127838,
            369.3963506221771,
            328.6080131530762,
            269.16613268852234
        ],
        "CPU Time": [
            296.203125,
            296.4375,
            230.828125,
            342.1875,
            225.421875,
            212.421875,
            282.125,
            368.78125,
            328.203125,
            268.671875
        ]
    },
    "MHA250k": {
        "NMI": [
            0.0885303474502803,
            0.08397219648964648,
            0.04771529179516567,
            0.10532098724622499,
            0.06192741545909874,
            0.06837969034973193,
            0.09339976927613068,
            0.09253923861352464,
            0.08216813004404236,
            0.07773602396963418
        ],
        "AMI": [
            0.005817669767850715,
            0.00824889476937598,
            -0.009170255921186305,
            0.008921015439321795,
            -0.000582322397774379,
            0.011859525644420648,
            0.003134053565963181,
            0.0023135374374316296,
            -0.009187819978815752,
            0.00209922360031929
        ],
        "ARMI": [
            -0.014926507408258937,
            -0.015058954656820498,
            -0.017559775005778044,
            -0.006175685645457309,
            -0.011220959707800052,
            -0.01639573317164721,
            -0.016913813856297852,
            -0.02051917780173251,
            -0.017330277288334278,
            -0.010167238210714174
        ],
        "Time": [
            307.48109245300293,
            321.3702857494354,
            297.99202036857605,
            330.5835540294647,
            302.5126976966858,
            297.6584663391113,
            312.2268669605255,
            317.3707935810089,
            315.1796884536743,
            323.6553692817688
        ],
        "CPU Time": [
            306.984375,
            320.703125,
            297.5625,
            329.734375,
            301.875,
            296.984375,
            311.484375,
            316.71875,
            314.703125,
            322.75
        ]
    },
    "FROST_SVCA": {
        "NMI": [
            0.07908423597838693,
            0.07249174813185777,
            0.05538872088010308,
            0.10214023195716097,
            0.060567403984543695,
            0.06035377126867318,
            0.0882017127613533,
            0.09727349109006903,
            0.09592764163199369,
            0.08083458373910272
        ],
        "AMI": [
            -0.0038573307211268557,
            -0.00400329474167022,
            -0.0012686916439874584,
            0.00763878888486339,
            -0.0025103718489155017,
            0.0033404991190097593,
            -0.0014565199811397767,
            0.008712255788746867,
            0.007166279081877473,
            0.005241024965820931
        ],